review_id,date,customer_id,channel,rating,review_text,sentiment_label
R0001,2025-10-05,C018,GoFood,5,"Menurutku, Nasi box ayamnya porsi besar, bumbu meresap. Wajib coba.",positive
R0002,2024-09-05,C019,GrabFood,2,"Jujur, Harga naik tapi porsi menyusut. Kurang oke.",negative
R0003,2025-02-27,,ShopeeFood,5,"Pesan via GoFood, sampai 20 menit. Masih hangat. Mantap! Thanks.",positive
R0004,2025-06-30,,GoFood,4,"Oh ya, Pesanan 50 box buat rapat kantor, datang tepat waktu. Kerja sama lagi. Thanks.",positive
R0005,2025-07-14,C018,Google Review,3,"Menurutku, Enaknya standar, harga juga standar.",neutral
R0006,2024-07-25,C019,ShopeeFood,1,"Donatnya keras, kayaknya bukan hari itu dibuat.",negative
R0007,2025-03-22,,Google Review,3,"Menurutku, Pernah coba, okelah buat sesekali.",neutral
R0008,2025-03-15,C016,Google Review,1,"Pesan 10 box, 2 box isinya kurang. Disappointed.",negative
R0009,2024-08-22,C014,ShopeeFood,4,"Btw, Pesanan 50 box buat rapat kantor, datang tepat waktu. Kerja sama lagi. Lanjutkan ya.",positive
R0010,2024-08-28,,Google Review,4,"Pesanan 50 box buat rapat kantor, datang tepat waktu. Kerja sama lagi.",positive
R0011,2025-07-01,,Instagram,5,Favorit keluarga. Donat gulanya empuk dan harum. 👍,positive
R0012,2025-03-31,,Google Review,3,"Btw, Akan coba lagi kalau kebetulan lewat. 👍",neutral
R0013,2024-06-12,,GrabFood,3,"Menurutku, Aplikasinya error terus waktu mau bayar, ribet.",negative
R0014,2025-10-22,,ShopeeFood,5,"Btw, Nasi rendangnya mengingatkan masakan rumah. Recommended!",positive
R0015,2025-02-12,C009,GoFood,5,"Menurutku, Kue lapisnya juara. Tidak terlalu manis, tekstur pas. Thanks.",positive
R0016,2024-08-11,,GoFood,4,"Bagi saya nasi boxnya terlalu pedas, untuk yang suka pedas mungkin pas.",neutral
R0017,2024-12-14,C018,ShopeeFood,4,"Stok selalu ada, kurir ShopeeFood cepat. Good job.",positive
R0018,2025-09-10,,GrabFood,2,Harga naik tapi porsi menyusut. Kurang oke.,negative
R0019,2024-07-08,C009,ShopeeFood,3,"Menurutku, Kopi lumayan, tapi tidak se-spesial yang diklaim. Recommended.",neutral
R0020,2025-08-13,C001,GrabFood,3,"Menurutku, Biasa saja, tidak luar biasa tidak juga buruk.",neutral
R0021,2025-07-20,C015,Instagram,1,"Btw, Pengiriman lama, rotinya sampai dingin. Kecewa. Tolong dievaluasi.",negative
R0022,2025-03-03,C016,GrabFood,3,"Biasa saja, tidak luar biasa tidak juga buruk.",neutral
R0023,2024-07-18,C009,Instagram,1,"Menurutku, Tempat sempit, parkir sulit di weekend. Tolong dievaluasi.",negative
R0024,2025-05-26,C003,ShopeeFood,2,"Menurutku, Packaging bocor, kuah nasi tumpah di tas. Mohon diperbaiki.",negative
R0025,2024-10-13,C012,GrabFood,2,Harga naik tapi porsi menyusut. Kurang oke. Mohon diperbaiki.,negative
R0026,2025-10-18,C017,GoFood,4,"Jujur, Menu lengkap, tapi saya bingung pilih karena terlalu banyak varian. 👍",neutral
R0027,2025-09-06,C012,Google Review,3,"Btw, Biasa saja, tidak luar biasa tidak juga buruk. Lanjutkan ya.",neutral
R0028,2024-10-23,C008,Google Review,5,"Harga lebih murah dari kompetitor, kualitas setara.",positive
R0029,2025-04-15,C011,Google Review,1,"Oh ya, Pengiriman lama, rotinya sampai dingin. Kecewa. Kecewa.",negative
R0030,2024-09-16,,ShopeeFood,3,"Oh ya, Baru pertama kali coba, belum bisa nilai.",neutral
R0031,2024-06-17,C014,Google Review,5,"Menurutku, Nasi box ayamnya porsi besar, bumbu meresap. Wajib coba.",positive
R0032,2025-09-26,C006,GrabFood,3,"Baru pertama kali coba, belum bisa nilai.",neutral
R0033,2024-11-30,,ShopeeFood,3,Antri 30 menit untuk dine-in. Staf kurang sigap. Tolong dievaluasi.,negative
R0034,2024-10-24,,Instagram,5,"Menurutku, Pesan via GoFood, sampai 20 menit. Masih hangat. Mantap! Thanks.",positive
R0035,2025-12-31,C016,GoFood,5,"Btw, Nasi rendangnya mengingatkan masakan rumah. Recommended!",positive
R0036,2024-11-26,,Google Review,3,"Oh ya, Roti oke, tapi saya prefer yang lain untuk sarapan.",neutral
R0037,2024-06-18,,Instagram,3,"Oh ya, Baru pertama kali coba, belum bisa nilai. Lanjutkan ya.",neutral
R0038,2024-10-04,C006,Instagram,2,"Jujur, Kasir salah total, harus komplain dulu baru dikoreksi. Kecewa.",negative
R0039,2024-10-08,,GoFood,1,"Oh ya, Pesan via GrabFood, kurir nyasar 1 jam. Makanan dingin. Tolong dievaluasi.",negative
R0040,2025-04-08,,GrabFood,5,Roti coklat keju lumer di mulut. Bakal order lagi. Lanjutkan ya.,positive
R0041,2024-07-27,C019,Instagram,4,"Oh ya, Bagi saya nasi boxnya terlalu pedas, untuk yang suka pedas mungkin pas. 👍",neutral
R0042,2025-11-21,,GrabFood,2,"Menurutku, Kasir salah total, harus komplain dulu baru dikoreksi.",negative
R0043,2025-03-07,,GoFood,5,"Oh ya, Roti coklat keju lumer di mulut. Bakal order lagi. Recommended.",positive
R0044,2024-07-24,C008,Instagram,4,"Jujur, Bagi saya nasi boxnya terlalu pedas, untuk yang suka pedas mungkin pas. Recommended.",neutral
R0045,2025-05-17,C015,GrabFood,3,"Menurutku, Antri 30 menit untuk dine-in. Staf kurang sigap. Kecewa.",negative
R0046,2025-12-31,,GrabFood,2,"Jujur, Kasir salah total, harus komplain dulu baru dikoreksi. Tolong dievaluasi.",negative
R0047,2024-06-04,C008,GrabFood,2,"Kasir salah total, harus komplain dulu baru dikoreksi.",negative
R0048,2024-09-15,C001,GoFood,2,Rasa kue lapis berubah dari yang dulu. Tidak seenak sebelumnya. Tolong dievaluasi.,negative
R0049,2025-08-14,C005,ShopeeFood,4,"Sudah order 3 kali, belum pernah kecewa. Recommended.",positive
R0050,2025-03-26,C008,GoFood,5,Favorit keluarga. Donat gulanya empuk dan harum.,positive
R0051,2024-12-15,,Google Review,5,Nasi rendangnya mengingatkan masakan rumah. Recommended! 👍,positive
R0052,2025-02-18,C003,GrabFood,3,"Jujur, Akan coba lagi kalau kebetulan lewat.",neutral
R0053,2025-01-30,C005,GrabFood,5,Favorit keluarga. Donat gulanya empuk dan harum.,positive
R0054,2025-05-08,,ShopeeFood,3,"Jujur, Roti coklatnya nggak ada coklatnya, cuma selai tipis.",negative
R0055,2025-03-25,,GoFood,4,"Menurutku, Menu lengkap, tapi saya bingung pilih karena terlalu banyak varian. Recommended.",neutral
R0056,2024-07-05,C006,Instagram,3,"Baru pertama kali coba, belum bisa nilai. Lanjutkan ya.",neutral
R0057,2025-07-03,C014,Instagram,2,Rasa kue lapis berubah dari yang dulu. Tidak seenak sebelumnya.,negative
R0058,2025-08-01,C013,GoFood,2,Rating di Google 4.5 tapi menurut saya overrated. Mohon diperbaiki.,negative
R0059,2024-08-27,C014,Google Review,3,"Roti oke, tapi saya prefer yang lain untuk sarapan. Lanjutkan ya.",neutral
R0060,2025-08-28,C005,Google Review,3,"Aplikasinya error terus waktu mau bayar, ribet.",negative
R0061,2025-06-29,,Google Review,3,"Jujur, Kopi lumayan, tapi tidak se-spesial yang diklaim. Recommended.",neutral
R0062,2025-08-17,,Instagram,4,"Oh ya, Stok selalu ada, kurir ShopeeFood cepat. Good job. Recommended.",positive
R0063,2025-08-23,C015,Google Review,4,"Kopi tubruknya khas, pahit sedikit tapi enak. Thanks.",positive
R0064,2025-01-24,,Instagram,2,Harga naik tapi porsi menyusut. Kurang oke. Kecewa.,negative
R0065,2025-12-02,C008,ShopeeFood,5,Pelayanan ramah waktu dine-in. Tempat bersih. Recommended.,positive
R0066,2025-06-02,C018,ShopeeFood,1,"Jujur, Pengiriman lama, rotinya sampai dingin. Kecewa.",negative
R0067,2025-02-21,C013,GrabFood,3,"Biasa saja, tidak luar biasa tidak juga buruk.",neutral
R0068,2025-09-10,,Google Review,1,"Pesan via GrabFood, kurir nyasar 1 jam. Makanan dingin. Kecewa.",negative
R0069,2025-12-22,C005,GoFood,3,"Roti coklatnya nggak ada coklatnya, cuma selai tipis. Mohon diperbaiki.",negative
R0070,2024-12-22,,Google Review,3,"Baru pertama kali coba, belum bisa nilai. 👍",neutral
R0071,2025-03-09,C009,Google Review,5,"Menurutku, Roti coklat keju lumer di mulut. Bakal order lagi. Lanjutkan ya.",positive
R0072,2024-10-30,,ShopeeFood,4,"Anak saya alergi susu, mereka bantu cek komposisi. Thoughtful. 👍",positive
R0073,2024-11-30,C011,GrabFood,1,"Menurutku, Pesan 10 box, 2 box isinya kurang. Disappointed. Kecewa.",negative
R0074,2025-06-05,C018,Instagram,5,"Oh ya, Harga lebih murah dari kompetitor, kualitas setara.",positive
R0075,2024-11-17,,Google Review,5,Favorit keluarga. Donat gulanya empuk dan harum.,positive
R0076,2025-04-18,C002,ShopeeFood,1,"Tempat sempit, parkir sulit di weekend.",negative
R0077,2025-11-13,C017,Instagram,3,"Oh ya, Pernah coba, okelah buat sesekali.",neutral
R0078,2024-09-02,C013,GrabFood,5,"Jujur, Pelayanan ramah waktu dine-in. Tempat bersih. Thanks.",positive
R0079,2025-01-18,C018,GrabFood,5,"Btw, Roti coklat keju lumer di mulut. Bakal order lagi.",positive
R0080,2024-11-29,,Instagram,1,"Jujur, Tempat sempit, parkir sulit di weekend. Kecewa.",negative
R0081,2025-02-17,,GoFood,2,Rasa kue lapis berubah dari yang dulu. Tidak seenak sebelumnya.,negative
R0082,2024-08-17,C002,Instagram,5,"Nasi box ayamnya porsi besar, bumbu meresap. Wajib coba.",positive
R0083,2024-08-26,C018,Instagram,5,"Menurutku, Nasi box ayamnya porsi besar, bumbu meresap. Wajib coba.",positive
R0084,2024-08-20,C013,ShopeeFood,1,"Btw, Tempat sempit, parkir sulit di weekend.",negative
R0085,2024-07-21,C019,Google Review,5,"Menurutku, Favorit keluarga. Donat gulanya empuk dan harum. Thanks.",positive
R0086,2024-09-21,C013,ShopeeFood,3,"Jujur, Nasi boxnya kurang bumbu, hambar. Mohon diperbaiki.",negative
R0087,2024-08-16,,GrabFood,3,Kue lapis enak tapi mahal untuk porsinya.,neutral
R0088,2025-05-26,,GrabFood,1,"Oh ya, Pengiriman lama, rotinya sampai dingin. Kecewa. Tolong dievaluasi.",negative
R0089,2025-02-27,C005,Google Review,4,"Menurutku, Pelayanan cukup, antrian cukup. Semua rata-rata.",neutral
R0090,2024-08-24,,Google Review,4,"Stok selalu ada, kurir ShopeeFood cepat. Good job. Recommended.",positive
R0091,2024-07-01,,GrabFood,3,"Btw, Baru pertama kali coba, belum bisa nilai. 👍",neutral
R0092,2025-04-15,,Instagram,4,"Stok selalu ada, kurir ShopeeFood cepat. Good job.",positive
R0093,2025-06-23,,GrabFood,1,"Pesan 10 box, 2 box isinya kurang. Disappointed.",negative
R0094,2025-08-20,C009,GrabFood,3,"Baru pertama kali coba, belum bisa nilai. Thanks.",neutral
R0095,2024-12-12,C009,ShopeeFood,1,"Oh ya, Pengiriman lama, rotinya sampai dingin. Kecewa. Kecewa.",negative
R0096,2025-11-27,C011,GoFood,3,"Oh ya, Akan coba lagi kalau kebetulan lewat. Thanks.",neutral
R0097,2025-08-20,C015,GoFood,3,"Aplikasinya error terus waktu mau bayar, ribet.",negative
R0098,2024-10-05,C011,ShopeeFood,5,"Harga lebih murah dari kompetitor, kualitas setara. 👍",positive
R0099,2024-07-02,C014,ShopeeFood,3,"Oh ya, Antri 30 menit untuk dine-in. Staf kurang sigap.",negative
R0100,2024-08-20,,GoFood,2,"Btw, Kasir salah total, harus komplain dulu baru dikoreksi.",negative
R0101,2025-06-08,,ShopeeFood,1,"Oh ya, Pesan 10 box, 2 box isinya kurang. Disappointed.",negative
R0102,2024-06-09,,Instagram,3,"Pernah coba, okelah buat sesekali.",neutral
R0103,2024-08-17,,GoFood,1,"Pesan 10 box, 2 box isinya kurang. Disappointed.",negative
R0104,2024-11-04,C011,Instagram,3,"Btw, Akan coba lagi kalau kebetulan lewat. Lanjutkan ya.",neutral
R0105,2024-12-21,C007,Instagram,4,"Menu lengkap, tapi saya bingung pilih karena terlalu banyak varian. Thanks.",neutral
R0106,2025-12-03,C011,GrabFood,4,"Jujur, Stok selalu ada, kurir ShopeeFood cepat. Good job. 👍",positive
R0107,2025-11-09,C006,GrabFood,3,"Roti oke, tapi saya prefer yang lain untuk sarapan.",neutral
R0108,2025-03-02,,GrabFood,4,"Oh ya, Anak saya alergi susu, mereka bantu cek komposisi. Thoughtful.",positive
R0109,2025-12-23,,Google Review,3,"Jujur, Pernah coba, okelah buat sesekali. Thanks.",neutral
R0110,2025-05-12,,GrabFood,5,"Oh ya, Favorit keluarga. Donat gulanya empuk dan harum.",positive
R0111,2025-11-24,C017,ShopeeFood,5,"Harga lebih murah dari kompetitor, kualitas setara.",positive
R0112,2025-03-06,C007,GoFood,3,"Aplikasinya error terus waktu mau bayar, ribet.",negative
R0113,2024-11-08,C007,Instagram,3,"Jujur, Akan coba lagi kalau kebetulan lewat.",neutral
R0114,2024-10-07,C003,Instagram,4,"Btw, Bagi saya nasi boxnya terlalu pedas, untuk yang suka pedas mungkin pas.",neutral
R0115,2024-08-13,C015,GoFood,4,"Oh ya, Stok selalu ada, kurir ShopeeFood cepat. Good job.",positive
R0116,2025-07-26,,ShopeeFood,5,"Rotinya lembut banget, anak-anak suka. Packingnya rapi.",positive
R0117,2025-06-10,C020,ShopeeFood,5,"Btw, Nasi rendangnya mengingatkan masakan rumah. Recommended!",positive
R0118,2025-03-27,C003,GrabFood,1,"Jujur, Pesan 10 box, 2 box isinya kurang. Disappointed. Kecewa.",negative
R0119,2024-12-09,C013,Instagram,4,"Sudah order 3 kali, belum pernah kecewa.",positive
R0120,2024-06-18,C007,ShopeeFood,3,"Aplikasinya error terus waktu mau bayar, ribet.",negative
R0121,2024-07-20,C002,Instagram,3,"Enaknya standar, harga juga standar. Recommended.",neutral
R0122,2025-04-08,,Instagram,3,"Menurutku, Pernah coba, okelah buat sesekali. Lanjutkan ya.",neutral
R0123,2024-07-19,C012,GoFood,4,"Stok selalu ada, kurir ShopeeFood cepat. Good job.",positive
R0124,2024-12-27,,ShopeeFood,4,"Oh ya, Bagi saya nasi boxnya terlalu pedas, untuk yang suka pedas mungkin pas.",neutral
R0125,2024-07-14,,ShopeeFood,3,"Nasi boxnya kurang bumbu, hambar.",negative
R0126,2024-10-07,C010,Google Review,2,"Menurutku, Kasir salah total, harus komplain dulu baru dikoreksi. Mohon diperbaiki.",negative
R0127,2024-08-15,C012,Google Review,2,"Btw, Packaging bocor, kuah nasi tumpah di tas. Mohon diperbaiki.",negative
R0128,2025-06-11,,GoFood,3,Kue lapis enak tapi mahal untuk porsinya.,neutral
R0129,2025-11-23,C012,Google Review,4,"Menurutku, Rasanya tidak salah, tapi juga tidak memorable.",neutral
R0130,2025-11-04,C004,GoFood,4,"Pesanan 50 box buat rapat kantor, datang tepat waktu. Kerja sama lagi. 👍",positive
R0131,2025-08-20,C002,GrabFood,3,"Aplikasinya error terus waktu mau bayar, ribet.",negative
R0132,2025-06-06,C012,GoFood,5,"Nasi box ayamnya porsi besar, bumbu meresap. Wajib coba. Lanjutkan ya.",positive
R0133,2024-12-13,C014,Instagram,1,"Btw, Tempat sempit, parkir sulit di weekend.",negative
R0134,2024-12-16,,Google Review,1,"Jujur, Pengiriman lama, rotinya sampai dingin. Kecewa.",negative
R0135,2025-12-01,,Instagram,5,Nasi rendangnya mengingatkan masakan rumah. Recommended! Thanks.,positive
R0136,2025-07-13,C012,GrabFood,3,"Biasa saja, tidak luar biasa tidak juga buruk.",neutral
R0137,2025-09-10,,GoFood,4,"Menurutku, Kopi tubruknya khas, pahit sedikit tapi enak. 👍",positive
R0138,2024-06-25,C020,GrabFood,3,Kue lapis enak tapi mahal untuk porsinya.,neutral
R0139,2025-08-14,C007,GrabFood,1,"Oh ya, Donatnya keras, kayaknya bukan hari itu dibuat. Tolong dievaluasi.",negative
R0140,2024-10-26,C018,GrabFood,4,"Jujur, Sudah order 3 kali, belum pernah kecewa. Recommended.",positive
R0141,2024-12-17,,GrabFood,1,"Pesan 10 box, 2 box isinya kurang. Disappointed.",negative
R0142,2025-06-05,C018,ShopeeFood,4,"Oh ya, Pelayanan cukup, antrian cukup. Semua rata-rata. Thanks.",neutral
R0143,2025-03-28,,ShopeeFood,4,"Menurutku, Pesanan 50 box buat rapat kantor, datang tepat waktu. Kerja sama lagi. Thanks.",positive
R0144,2025-05-03,,GrabFood,5,"Nasi box ayamnya porsi besar, bumbu meresap. Wajib coba.",positive
R0145,2025-08-25,C004,ShopeeFood,1,"Btw, Donatnya keras, kayaknya bukan hari itu dibuat.",negative
R0146,2024-10-09,C006,GrabFood,5,"Pesan via GoFood, sampai 20 menit. Masih hangat. Mantap! Lanjutkan ya.",positive
R0147,2025-04-08,,ShopeeFood,5,"Kue lapisnya juara. Tidak terlalu manis, tekstur pas.",positive
R0148,2025-07-19,C003,GrabFood,5,"Langganan tiap minggu. Rasa konsisten, harga masuk akal.",positive
R0149,2024-11-14,C006,Google Review,5,Pelayanan ramah waktu dine-in. Tempat bersih.,positive
R0150,2025-01-06,C014,GrabFood,4,"Pesanan 50 box buat rapat kantor, datang tepat waktu. Kerja sama lagi.",positive
R0151,2025-05-03,C003,Google Review,4,"Jujur, Rasanya tidak salah, tapi juga tidak memorable.",neutral
R0152,2025-03-08,C010,GoFood,1,"Pengiriman lama, rotinya sampai dingin. Kecewa.",negative
R0153,2025-10-22,,Google Review,3,"Roti oke, tapi saya prefer yang lain untuk sarapan. Lanjutkan ya.",neutral
R0154,2025-10-31,C011,GrabFood,2,"Oh ya, Harga naik tapi porsi menyusut. Kurang oke. Mohon diperbaiki.",negative
R0155,2024-06-24,C018,ShopeeFood,4,"Rasanya tidak salah, tapi juga tidak memorable. 👍",neutral
R0156,2025-01-29,C014,GoFood,3,"Roti coklatnya nggak ada coklatnya, cuma selai tipis.",negative
R0157,2024-06-10,C009,GrabFood,4,"Rasanya tidak salah, tapi juga tidak memorable.",neutral
R0158,2025-10-06,,GrabFood,3,"Menurutku, Antri 30 menit untuk dine-in. Staf kurang sigap.",negative
R0159,2025-06-27,C004,ShopeeFood,5,"Rotinya lembut banget, anak-anak suka. Packingnya rapi. Recommended.",positive
R0160,2025-12-14,C019,Google Review,5,"Rotinya lembut banget, anak-anak suka. Packingnya rapi. Recommended.",positive
R0161,2025-07-22,,GrabFood,2,"Oh ya, Harga naik tapi porsi menyusut. Kurang oke. Kecewa.",negative
R0162,2024-08-02,C017,ShopeeFood,1,"Pesan via GrabFood, kurir nyasar 1 jam. Makanan dingin. Kecewa.",negative
R0163,2024-09-03,C013,GrabFood,5,"Menurutku, Nasi rendangnya mengingatkan masakan rumah. Recommended!",positive
R0164,2024-07-24,C005,GoFood,5,"Menurutku, Langganan tiap minggu. Rasa konsisten, harga masuk akal. Thanks.",positive
R0165,2024-06-11,C012,Instagram,3,"Nasi boxnya kurang bumbu, hambar. Tolong dievaluasi.",negative
R0166,2025-09-01,C011,GrabFood,3,"Pernah coba, okelah buat sesekali.",neutral
R0167,2025-10-07,C017,ShopeeFood,3,Antri 30 menit untuk dine-in. Staf kurang sigap.,negative
R0168,2025-01-29,C004,GoFood,4,"Menurutku, Kopi tubruknya khas, pahit sedikit tapi enak. Lanjutkan ya.",positive
R0169,2025-05-08,C003,GrabFood,3,"Btw, Antri 30 menit untuk dine-in. Staf kurang sigap. Kecewa.",negative
R0170,2025-05-29,,Google Review,3,"Nasi boxnya kurang bumbu, hambar.",negative
R0171,2025-02-13,C005,ShopeeFood,3,"Roti coklatnya nggak ada coklatnya, cuma selai tipis.",negative
R0172,2025-09-22,C013,GoFood,5,"Btw, Pelayanan ramah waktu dine-in. Tempat bersih. Thanks.",positive
R0173,2025-01-16,,GoFood,4,"Jujur, Rasanya tidak salah, tapi juga tidak memorable.",neutral
R0174,2025-07-05,,Instagram,5,"Btw, Roti coklat keju lumer di mulut. Bakal order lagi.",positive
R0175,2025-11-24,,ShopeeFood,4,"Bagi saya nasi boxnya terlalu pedas, untuk yang suka pedas mungkin pas. Recommended.",neutral
R0176,2024-12-20,C020,GrabFood,4,"Btw, Kopi tubruknya khas, pahit sedikit tapi enak.",positive
R0177,2025-10-03,,Google Review,3,"Oh ya, Roti oke, tapi saya prefer yang lain untuk sarapan.",neutral
R0178,2024-11-13,C016,GoFood,4,"Btw, Kopi tubruknya khas, pahit sedikit tapi enak.",positive
R0179,2025-02-12,C006,Google Review,3,"Btw, Pernah coba, okelah buat sesekali.",neutral
R0180,2025-04-07,C020,Google Review,5,"Oh ya, Pesan via GoFood, sampai 20 menit. Masih hangat. Mantap! 👍",positive
R0181,2024-08-01,,Google Review,3,"Menurutku, Aplikasinya error terus waktu mau bayar, ribet. Kecewa.",negative
R0182,2025-11-30,C003,Instagram,3,Antri 30 menit untuk dine-in. Staf kurang sigap.,negative
R0183,2025-09-06,C009,GoFood,2,Harga naik tapi porsi menyusut. Kurang oke. Kecewa.,negative
R0184,2024-10-23,,ShopeeFood,4,"Kopi tubruknya khas, pahit sedikit tapi enak.",positive
R0185,2024-12-10,,ShopeeFood,5,Nasi rendangnya mengingatkan masakan rumah. Recommended!,positive
R0186,2024-10-10,C004,GrabFood,1,"Pengiriman lama, rotinya sampai dingin. Kecewa.",negative
R0187,2025-11-16,C017,GrabFood,1,"Menurutku, Pesan via GrabFood, kurir nyasar 1 jam. Makanan dingin.",negative
R0188,2024-10-19,,GrabFood,4,"Oh ya, Stok selalu ada, kurir ShopeeFood cepat. Good job. Thanks.",positive
R0189,2025-04-20,,Google Review,3,"Btw, Enaknya standar, harga juga standar.",neutral
R0190,2025-10-08,C008,GrabFood,5,"Btw, Nasi rendangnya mengingatkan masakan rumah. Recommended!",positive
R0191,2025-03-26,,Google Review,1,"Tempat sempit, parkir sulit di weekend. Mohon diperbaiki.",negative
R0192,2024-11-27,,Instagram,5,"Pesan via GoFood, sampai 20 menit. Masih hangat. Mantap! 👍",positive
R0193,2025-11-19,C019,GrabFood,3,"Oh ya, Kue lapis enak tapi mahal untuk porsinya.",neutral
R0194,2025-07-28,,GoFood,4,"Kopi tubruknya khas, pahit sedikit tapi enak. Lanjutkan ya.",positive
R0195,2024-08-07,,ShopeeFood,5,"Nasi box ayamnya porsi besar, bumbu meresap. Wajib coba.",positive
R0196,2024-06-18,C002,Google Review,3,"Btw, Enaknya standar, harga juga standar.",neutral
R0197,2025-06-15,C019,Instagram,3,"Aplikasinya error terus waktu mau bayar, ribet. Mohon diperbaiki.",negative
R0198,2025-11-15,C007,ShopeeFood,2,"Oh ya, Rasa kue lapis berubah dari yang dulu. Tidak seenak sebelumnya.",negative
R0199,2025-12-22,C018,GrabFood,3,"Btw, Kopi lumayan, tapi tidak se-spesial yang diklaim. 👍",neutral
R0200,2025-02-22,C009,GrabFood,3,"Btw, Enaknya standar, harga juga standar. Recommended.",neutral
R0201,2024-12-25,C006,GrabFood,3,"Biasa saja, tidak luar biasa tidak juga buruk.",neutral
R0202,2024-09-26,,GrabFood,2,Harga naik tapi porsi menyusut. Kurang oke. Tolong dievaluasi.,negative
R0203,2025-07-09,C005,Instagram,5,"Btw, Rotinya lembut banget, anak-anak suka. Packingnya rapi.",positive
R0204,2025-06-09,C010,GrabFood,3,"Pernah coba, okelah buat sesekali.",neutral
R0205,2025-01-30,,GrabFood,3,Akan coba lagi kalau kebetulan lewat. Thanks.,neutral
R0206,2025-10-17,C007,Google Review,1,"Pesan via GrabFood, kurir nyasar 1 jam. Makanan dingin.",negative
R0207,2025-10-18,C017,Instagram,4,"Menu lengkap, tapi saya bingung pilih karena terlalu banyak varian.",neutral
R0208,2024-08-14,C002,GoFood,5,"Menurutku, Favorit keluarga. Donat gulanya empuk dan harum. Recommended.",positive
R0209,2024-08-11,,GoFood,3,Antri 30 menit untuk dine-in. Staf kurang sigap.,negative
R0210,2025-11-26,C008,ShopeeFood,4,"Anak saya alergi susu, mereka bantu cek komposisi. Thoughtful. 👍",positive
R0211,2024-08-15,C002,ShopeeFood,3,"Aplikasinya error terus waktu mau bayar, ribet.",negative
R0212,2024-11-10,C012,Google Review,3,"Kopi lumayan, tapi tidak se-spesial yang diklaim.",neutral
R0213,2025-04-16,C005,Instagram,5,"Btw, Favorit keluarga. Donat gulanya empuk dan harum.",positive
R0214,2025-05-10,C015,GrabFood,4,"Oh ya, Kopi tubruknya khas, pahit sedikit tapi enak. Lanjutkan ya.",positive
R0215,2024-11-12,C001,ShopeeFood,1,"Oh ya, Donatnya keras, kayaknya bukan hari itu dibuat. Tolong dievaluasi.",negative
R0216,2024-07-12,C017,ShopeeFood,5,"Menurutku, Kue lapisnya juara. Tidak terlalu manis, tekstur pas. Lanjutkan ya.",positive
R0217,2025-05-20,C004,Google Review,3,"Pernah coba, okelah buat sesekali. Recommended.",neutral
R0218,2024-11-07,,GrabFood,4,"Oh ya, Menu lengkap, tapi saya bingung pilih karena terlalu banyak varian.",neutral
R0219,2025-03-27,C005,GrabFood,2,"Packaging bocor, kuah nasi tumpah di tas.",negative
R0220,2024-10-30,,GrabFood,4,"Menurutku, Stok selalu ada, kurir ShopeeFood cepat. Good job.",positive
R0221,2025-11-02,,Instagram,3,"Roti oke, tapi saya prefer yang lain untuk sarapan.",neutral
R0222,2024-12-29,C020,GrabFood,4,"Kopi tubruknya khas, pahit sedikit tapi enak. Lanjutkan ya.",positive
R0223,2025-07-19,,GoFood,4,"Jujur, Bagi saya nasi boxnya terlalu pedas, untuk yang suka pedas mungkin pas. Lanjutkan ya.",neutral
R0224,2024-09-25,,ShopeeFood,3,"Btw, Roti coklatnya nggak ada coklatnya, cuma selai tipis. Mohon diperbaiki.",negative
R0225,2025-10-29,C001,GrabFood,5,"Btw, Pelayanan ramah waktu dine-in. Tempat bersih. Recommended.",positive
R0226,2024-08-03,,Google Review,4,"Pesanan 50 box buat rapat kantor, datang tepat waktu. Kerja sama lagi.",positive
R0227,2024-11-04,C020,Instagram,3,"Baru pertama kali coba, belum bisa nilai.",neutral
R0228,2024-12-15,,Instagram,3,"Kopi lumayan, tapi tidak se-spesial yang diklaim.",neutral
R0229,2025-09-22,C010,ShopeeFood,3,"Jujur, Roti oke, tapi saya prefer yang lain untuk sarapan. Lanjutkan ya.",neutral
R0230,2025-12-26,C003,GoFood,4,"Stok selalu ada, kurir ShopeeFood cepat. Good job.",positive
R0231,2025-10-02,C009,GoFood,3,"Btw, Nasi boxnya kurang bumbu, hambar.",negative
R0232,2025-12-23,,Instagram,3,"Jujur, Aplikasinya error terus waktu mau bayar, ribet. Kecewa.",negative
R0233,2025-08-04,C011,ShopeeFood,1,"Jujur, Pesan via GrabFood, kurir nyasar 1 jam. Makanan dingin. Kecewa.",negative
R0234,2024-11-10,C015,GrabFood,3,"Oh ya, Baru pertama kali coba, belum bisa nilai.",neutral
R0235,2025-02-18,C018,GrabFood,3,"Jujur, Roti coklatnya nggak ada coklatnya, cuma selai tipis. Tolong dievaluasi.",negative
R0236,2025-02-18,,Google Review,1,"Oh ya, Pengiriman lama, rotinya sampai dingin. Kecewa.",negative
R0237,2025-08-17,C005,GoFood,4,"Jujur, Rasanya tidak salah, tapi juga tidak memorable. Lanjutkan ya.",neutral
R0238,2024-07-05,,Google Review,4,"Anak saya alergi susu, mereka bantu cek komposisi. Thoughtful.",positive
R0239,2024-06-21,,ShopeeFood,3,"Oh ya, Roti coklatnya nggak ada coklatnya, cuma selai tipis. Tolong dievaluasi.",negative
R0240,2024-08-26,,GrabFood,5,"Jujur, Rotinya lembut banget, anak-anak suka. Packingnya rapi. Recommended.",positive
R0241,2024-11-05,C020,Instagram,5,"Jujur, Pesan via GoFood, sampai 20 menit. Masih hangat. Mantap!",positive
R0242,2025-06-01,C007,Google Review,2,"Oh ya, Harga naik tapi porsi menyusut. Kurang oke.",negative
R0243,2025-09-03,,GrabFood,2,Rasa kue lapis berubah dari yang dulu. Tidak seenak sebelumnya.,negative
R0244,2024-10-21,C002,GrabFood,2,"Oh ya, Packaging bocor, kuah nasi tumpah di tas. Kecewa.",negative
R0245,2025-09-03,,GoFood,3,"Menurutku, Kue lapis enak tapi mahal untuk porsinya. 👍",neutral
R0246,2025-09-20,,ShopeeFood,3,"Oh ya, Roti coklatnya nggak ada coklatnya, cuma selai tipis. Tolong dievaluasi.",negative
R0247,2025-02-13,C012,ShopeeFood,2,"Kasir salah total, harus komplain dulu baru dikoreksi. Mohon diperbaiki.",negative
R0248,2024-07-09,,GrabFood,3,"Jujur, Nasi boxnya kurang bumbu, hambar. Kecewa.",negative
R0249,2025-01-24,C017,Google Review,5,"Oh ya, Nasi rendangnya mengingatkan masakan rumah. Recommended!",positive
R0250,2025-08-06,C009,ShopeeFood,5,Roti coklat keju lumer di mulut. Bakal order lagi. Recommended.,positive
R0251,2025-05-15,C017,Google Review,3,"Enaknya standar, harga juga standar.",neutral
R0252,2024-12-01,C012,ShopeeFood,3,"Pernah coba, okelah buat sesekali.",neutral
R0253,2024-10-03,C014,GoFood,5,"Btw, Langganan tiap minggu. Rasa konsisten, harga masuk akal. Lanjutkan ya.",positive
R0254,2024-12-14,C015,Google Review,2,"Kasir salah total, harus komplain dulu baru dikoreksi.",negative
R0255,2024-09-08,C007,Google Review,5,"Jujur, Harga lebih murah dari kompetitor, kualitas setara.",positive
R0256,2025-07-15,C015,Instagram,4,"Menu lengkap, tapi saya bingung pilih karena terlalu banyak varian. Recommended.",neutral
R0257,2025-04-14,,Google Review,4,"Rasanya tidak salah, tapi juga tidak memorable.",neutral
R0258,2024-09-24,,GrabFood,5,"Nasi box ayamnya porsi besar, bumbu meresap. Wajib coba. 👍",positive
R0259,2024-06-25,C010,Google Review,5,"Menurutku, Harga lebih murah dari kompetitor, kualitas setara.",positive
R0260,2024-11-14,C010,Instagram,4,"Menu lengkap, tapi saya bingung pilih karena terlalu banyak varian. Lanjutkan ya.",neutral
R0261,2024-09-26,C006,Instagram,1,"Pesan via GrabFood, kurir nyasar 1 jam. Makanan dingin.",negative
R0262,2025-07-18,,Instagram,1,"Oh ya, Pengiriman lama, rotinya sampai dingin. Kecewa. Tolong dievaluasi.",negative
R0263,2024-11-29,,Instagram,5,Nasi rendangnya mengingatkan masakan rumah. Recommended!,positive
R0264,2024-08-02,C020,Google Review,3,Akan coba lagi kalau kebetulan lewat.,neutral
R0265,2025-12-12,C015,ShopeeFood,5,Pelayanan ramah waktu dine-in. Tempat bersih.,positive
R0266,2024-12-01,,GoFood,5,"Menurutku, Pesan via GoFood, sampai 20 menit. Masih hangat. Mantap! Recommended.",positive
R0267,2025-03-02,C010,GrabFood,2,Rating di Google 4.5 tapi menurut saya overrated. Mohon diperbaiki.,negative
R0268,2024-09-03,,ShopeeFood,3,"Biasa saja, tidak luar biasa tidak juga buruk. Thanks.",neutral
R0269,2025-06-27,,Google Review,1,"Pengiriman lama, rotinya sampai dingin. Kecewa. Kecewa.",negative
R0270,2025-07-23,C001,Instagram,2,"Kasir salah total, harus komplain dulu baru dikoreksi.",negative
R0271,2024-06-15,C014,Instagram,5,"Oh ya, Roti coklat keju lumer di mulut. Bakal order lagi.",positive
R0272,2025-02-15,C005,Google Review,2,Rasa kue lapis berubah dari yang dulu. Tidak seenak sebelumnya.,negative
R0273,2024-12-07,C015,Instagram,2,Rasa kue lapis berubah dari yang dulu. Tidak seenak sebelumnya.,negative
R0274,2024-06-16,C007,Instagram,2,"Menurutku, Rasa kue lapis berubah dari yang dulu. Tidak seenak sebelumnya. Mohon diperbaiki.",negative
R0275,2025-07-11,C008,ShopeeFood,5,Pelayanan ramah waktu dine-in. Tempat bersih. 👍,positive
R0276,2024-08-24,,Instagram,3,"Oh ya, Kue lapis enak tapi mahal untuk porsinya. Recommended.",neutral
R0277,2025-03-20,,GoFood,3,"Oh ya, Baru pertama kali coba, belum bisa nilai.",neutral
R0278,2024-09-25,C015,Google Review,4,"Anak saya alergi susu, mereka bantu cek komposisi. Thoughtful. Lanjutkan ya.",positive
R0279,2025-01-28,C006,GrabFood,3,"Pernah coba, okelah buat sesekali.",neutral
R0280,2025-08-28,C017,GrabFood,3,"Roti oke, tapi saya prefer yang lain untuk sarapan. Lanjutkan ya.",neutral
R0281,2025-06-29,C010,Google Review,2,"Kasir salah total, harus komplain dulu baru dikoreksi.",negative
R0282,2024-10-16,C013,Instagram,5,"Btw, Favorit keluarga. Donat gulanya empuk dan harum.",positive
R0283,2024-07-25,C020,GrabFood,3,"Oh ya, Baru pertama kali coba, belum bisa nilai. Lanjutkan ya.",neutral
R0284,2025-07-22,C015,Instagram,5,"Kue lapisnya juara. Tidak terlalu manis, tekstur pas.",positive
R0285,2025-05-21,,Google Review,5,"Pesan via GoFood, sampai 20 menit. Masih hangat. Mantap! 👍",positive
R0286,2025-03-25,C016,ShopeeFood,2,Rating di Google 4.5 tapi menurut saya overrated. Kecewa.,negative
R0287,2025-02-19,C008,GrabFood,4,"Pelayanan cukup, antrian cukup. Semua rata-rata.",neutral
R0288,2024-07-16,C014,GoFood,3,"Jujur, Kue lapis enak tapi mahal untuk porsinya. Thanks.",neutral
R0289,2024-10-24,C008,Instagram,3,"Nasi boxnya kurang bumbu, hambar.",negative
R0290,2025-12-11,C016,ShopeeFood,3,"Oh ya, Baru pertama kali coba, belum bisa nilai.",neutral
R0291,2024-11-13,C005,GrabFood,5,"Btw, Kue lapisnya juara. Tidak terlalu manis, tekstur pas.",positive
R0292,2024-07-06,,Instagram,5,"Harga lebih murah dari kompetitor, kualitas setara. Lanjutkan ya.",positive
R0293,2025-04-01,C016,GrabFood,3,Kue lapis enak tapi mahal untuk porsinya.,neutral
R0294,2024-07-31,C013,Instagram,5,"Menurutku, Nasi rendangnya mengingatkan masakan rumah. Recommended! Recommended.",positive
R0295,2024-08-02,,Google Review,5,Pelayanan ramah waktu dine-in. Tempat bersih.,positive
R0296,2024-06-25,,Instagram,5,"Jujur, Nasi rendangnya mengingatkan masakan rumah. Recommended! Recommended.",positive
R0297,2024-09-26,C014,GoFood,5,Pelayanan ramah waktu dine-in. Tempat bersih. 👍,positive
R0298,2024-08-28,C011,ShopeeFood,3,"Oh ya, Kue lapis enak tapi mahal untuk porsinya. Lanjutkan ya.",neutral
R0299,2024-10-28,,GrabFood,3,"Biasa saja, tidak luar biasa tidak juga buruk. Lanjutkan ya.",neutral
R0300,2025-05-16,,ShopeeFood,2,"Menurutku, Rating di Google 4.5 tapi menurut saya overrated.",negative
R0301,2025-05-23,C006,ShopeeFood,3,"Jujur, Roti oke, tapi saya prefer yang lain untuk sarapan.",neutral
R0302,2025-07-22,C002,ShopeeFood,3,"Menurutku, Roti coklatnya nggak ada coklatnya, cuma selai tipis. Kecewa.",negative
R0303,2024-09-21,,Google Review,3,"Menurutku, Akan coba lagi kalau kebetulan lewat.",neutral
R0304,2025-03-23,,GoFood,3,Kue lapis enak tapi mahal untuk porsinya.,neutral
R0305,2025-04-19,C015,Instagram,1,"Donatnya keras, kayaknya bukan hari itu dibuat. Mohon diperbaiki.",negative
R0306,2025-08-17,C020,Instagram,5,"Menurutku, Pesan via GoFood, sampai 20 menit. Masih hangat. Mantap!",positive
R0307,2025-07-09,,GoFood,2,"Oh ya, Rasa kue lapis berubah dari yang dulu. Tidak seenak sebelumnya.",negative
R0308,2025-02-20,,Google Review,5,"Menurutku, Pesan via GoFood, sampai 20 menit. Masih hangat. Mantap!",positive
R0309,2024-09-13,C015,ShopeeFood,3,"Kopi lumayan, tapi tidak se-spesial yang diklaim.",neutral
R0310,2025-12-30,,GrabFood,2,"Packaging bocor, kuah nasi tumpah di tas.",negative
R0311,2025-01-27,C006,GrabFood,4,"Oh ya, Rasanya tidak salah, tapi juga tidak memorable.",neutral
R0312,2025-12-04,C018,Google Review,2,"Kasir salah total, harus komplain dulu baru dikoreksi. Kecewa.",negative
R0313,2025-05-30,C005,GoFood,2,"Kasir salah total, harus komplain dulu baru dikoreksi.",negative
R0314,2024-11-11,,GrabFood,4,"Oh ya, Sudah order 3 kali, belum pernah kecewa.",positive
R0315,2025-11-11,C009,ShopeeFood,5,"Btw, Harga lebih murah dari kompetitor, kualitas setara.",positive
R0316,2025-11-28,C018,Google Review,4,"Rasanya tidak salah, tapi juga tidak memorable.",neutral
R0317,2025-02-24,,GrabFood,4,"Stok selalu ada, kurir ShopeeFood cepat. Good job.",positive
R0318,2025-02-28,,GrabFood,5,Roti coklat keju lumer di mulut. Bakal order lagi. 👍,positive
R0319,2024-06-22,,GrabFood,5,Nasi rendangnya mengingatkan masakan rumah. Recommended!,positive
R0320,2025-04-04,C005,Instagram,1,"Jujur, Pesan 10 box, 2 box isinya kurang. Disappointed.",negative
R0321,2024-12-24,,ShopeeFood,1,"Menurutku, Tempat sempit, parkir sulit di weekend.",negative
R0322,2024-12-29,C010,GoFood,4,"Jujur, Pelayanan cukup, antrian cukup. Semua rata-rata. Lanjutkan ya.",neutral
R0323,2024-12-17,,Google Review,3,"Aplikasinya error terus waktu mau bayar, ribet. Kecewa.",negative
R0324,2025-10-30,C005,Google Review,3,"Roti coklatnya nggak ada coklatnya, cuma selai tipis.",negative
R0325,2024-10-12,,ShopeeFood,5,Nasi rendangnya mengingatkan masakan rumah. Recommended! Lanjutkan ya.,positive
R0326,2024-07-22,,ShopeeFood,5,"Menurutku, Harga lebih murah dari kompetitor, kualitas setara.",positive
R0327,2025-04-24,,Instagram,5,"Oh ya, Nasi box ayamnya porsi besar, bumbu meresap. Wajib coba. 👍",positive
R0328,2025-05-08,C017,ShopeeFood,3,"Kopi lumayan, tapi tidak se-spesial yang diklaim. Lanjutkan ya.",neutral
R0329,2025-04-18,,GrabFood,2,"Jujur, Packaging bocor, kuah nasi tumpah di tas. Kecewa.",negative
R0330,2024-09-17,C014,Google Review,5,"Langganan tiap minggu. Rasa konsisten, harga masuk akal.",positive
R0331,2024-08-11,C010,ShopeeFood,4,"Menurutku, Stok selalu ada, kurir ShopeeFood cepat. Good job. 👍",positive
R0332,2025-07-17,,GoFood,2,Rasa kue lapis berubah dari yang dulu. Tidak seenak sebelumnya. Mohon diperbaiki.,negative
R0333,2024-10-14,,ShopeeFood,1,"Tempat sempit, parkir sulit di weekend.",negative
R0334,2024-07-07,C002,ShopeeFood,2,Harga naik tapi porsi menyusut. Kurang oke.,negative
R0335,2025-01-04,C005,ShopeeFood,3,"Biasa saja, tidak luar biasa tidak juga buruk. Lanjutkan ya.",neutral
R0336,2024-06-02,C002,Google Review,4,"Menurutku, Stok selalu ada, kurir ShopeeFood cepat. Good job.",positive
R0337,2025-09-20,C016,Instagram,1,"Btw, Pesan via GrabFood, kurir nyasar 1 jam. Makanan dingin. Mohon diperbaiki.",negative
R0338,2025-10-11,C020,GoFood,2,Rating di Google 4.5 tapi menurut saya overrated.,negative
R0339,2025-04-19,C019,GrabFood,4,"Oh ya, Rasanya tidak salah, tapi juga tidak memorable.",neutral
R0340,2025-08-29,C011,GrabFood,3,"Roti coklatnya nggak ada coklatnya, cuma selai tipis.",negative
R0341,2025-07-02,C011,Instagram,3,"Oh ya, Roti coklatnya nggak ada coklatnya, cuma selai tipis.",negative
R0342,2025-09-17,C019,GrabFood,5,"Nasi box ayamnya porsi besar, bumbu meresap. Wajib coba. Recommended.",positive
R0343,2024-10-31,,GrabFood,5,"Menurutku, Pesan via GoFood, sampai 20 menit. Masih hangat. Mantap!",positive
R0344,2025-12-15,C010,Google Review,3,"Oh ya, Baru pertama kali coba, belum bisa nilai. Lanjutkan ya.",neutral
R0345,2024-06-23,,ShopeeFood,5,"Menurutku, Rotinya lembut banget, anak-anak suka. Packingnya rapi.",positive
R0346,2025-12-10,C010,Google Review,1,"Menurutku, Tempat sempit, parkir sulit di weekend.",negative
R0347,2025-06-21,C018,GrabFood,3,"Jujur, Roti oke, tapi saya prefer yang lain untuk sarapan.",neutral
R0348,2024-12-06,C012,Google Review,4,"Menu lengkap, tapi saya bingung pilih karena terlalu banyak varian. Recommended.",neutral
R0349,2025-08-06,,GoFood,4,"Oh ya, Rasanya tidak salah, tapi juga tidak memorable. Thanks.",neutral
R0350,2024-10-19,C015,Instagram,3,Kue lapis enak tapi mahal untuk porsinya. Thanks.,neutral
R0351,2025-01-01,C016,GrabFood,4,"Oh ya, Sudah order 3 kali, belum pernah kecewa.",positive
R0352,2024-09-19,C009,Google Review,1,"Btw, Tempat sempit, parkir sulit di weekend. Mohon diperbaiki.",negative
R0353,2025-05-22,C018,Instagram,5,"Langganan tiap minggu. Rasa konsisten, harga masuk akal. Thanks.",positive
R0354,2025-05-11,C003,GrabFood,3,"Aplikasinya error terus waktu mau bayar, ribet.",negative
R0355,2024-08-20,,Google Review,3,"Biasa saja, tidak luar biasa tidak juga buruk.",neutral
R0356,2025-05-05,,GoFood,2,"Btw, Rasa kue lapis berubah dari yang dulu. Tidak seenak sebelumnya.",negative
R0357,2025-03-31,,Instagram,4,"Anak saya alergi susu, mereka bantu cek komposisi. Thoughtful. Lanjutkan ya.",positive
R0358,2024-10-02,C015,ShopeeFood,2,"Menurutku, Packaging bocor, kuah nasi tumpah di tas. Mohon diperbaiki.",negative
R0359,2025-09-22,C003,GrabFood,5,"Langganan tiap minggu. Rasa konsisten, harga masuk akal. Thanks.",positive
R0360,2025-06-19,C010,ShopeeFood,3,"Biasa saja, tidak luar biasa tidak juga buruk.",neutral
R0361,2024-10-29,C007,GoFood,2,"Oh ya, Kasir salah total, harus komplain dulu baru dikoreksi. Tolong dievaluasi.",negative
R0362,2024-10-13,,GrabFood,5,"Oh ya, Pesan via GoFood, sampai 20 menit. Masih hangat. Mantap!",positive
R0363,2024-06-29,C020,GoFood,2,Harga naik tapi porsi menyusut. Kurang oke. Kecewa.,negative
R0364,2025-04-29,C019,Instagram,4,"Sudah order 3 kali, belum pernah kecewa.",positive
R0365,2025-09-28,,GoFood,5,"Menurutku, Pelayanan ramah waktu dine-in. Tempat bersih.",positive
R0366,2025-07-29,C003,Instagram,3,"Roti coklatnya nggak ada coklatnya, cuma selai tipis.",negative
R0367,2025-04-25,C004,ShopeeFood,5,"Oh ya, Pesan via GoFood, sampai 20 menit. Masih hangat. Mantap!",positive
R0368,2024-09-22,C011,Instagram,2,"Oh ya, Rasa kue lapis berubah dari yang dulu. Tidak seenak sebelumnya. Mohon diperbaiki.",negative
R0369,2025-05-28,,ShopeeFood,2,Rating di Google 4.5 tapi menurut saya overrated. Mohon diperbaiki.,negative
R0370,2025-03-30,C009,GoFood,5,"Btw, Langganan tiap minggu. Rasa konsisten, harga masuk akal. 👍",positive
R0371,2025-11-17,,Google Review,3,Kue lapis enak tapi mahal untuk porsinya.,neutral
R0372,2025-01-23,,Instagram,3,"Btw, Antri 30 menit untuk dine-in. Staf kurang sigap. Kecewa.",negative
R0373,2024-08-27,,Instagram,1,"Btw, Tempat sempit, parkir sulit di weekend. Mohon diperbaiki.",negative
R0374,2025-11-10,C005,ShopeeFood,5,"Oh ya, Pelayanan ramah waktu dine-in. Tempat bersih.",positive
R0375,2025-01-02,C015,ShopeeFood,4,"Bagi saya nasi boxnya terlalu pedas, untuk yang suka pedas mungkin pas.",neutral
R0376,2025-06-05,C014,GrabFood,4,"Kopi tubruknya khas, pahit sedikit tapi enak.",positive
R0377,2025-04-20,C010,GrabFood,3,"Jujur, Baru pertama kali coba, belum bisa nilai. 👍",neutral
R0378,2024-06-20,C017,GoFood,5,"Langganan tiap minggu. Rasa konsisten, harga masuk akal. Lanjutkan ya.",positive
R0379,2024-11-10,,ShopeeFood,3,"Oh ya, Enaknya standar, harga juga standar. Thanks.",neutral
R0380,2024-09-11,C008,GoFood,2,"Kasir salah total, harus komplain dulu baru dikoreksi.",negative
R0381,2025-10-06,C007,Instagram,1,"Btw, Pesan 10 box, 2 box isinya kurang. Disappointed. Mohon diperbaiki.",negative
R0382,2024-08-04,,Instagram,3,"Jujur, Kue lapis enak tapi mahal untuk porsinya. Recommended.",neutral
R0383,2025-11-22,C006,GrabFood,4,"Jujur, Anak saya alergi susu, mereka bantu cek komposisi. Thoughtful.",positive
R0384,2025-10-16,,Instagram,1,"Tempat sempit, parkir sulit di weekend. Mohon diperbaiki.",negative
R0385,2024-07-23,,GrabFood,5,"Jujur, Kue lapisnya juara. Tidak terlalu manis, tekstur pas. Thanks.",positive
R0386,2025-05-10,C004,Instagram,5,"Oh ya, Nasi box ayamnya porsi besar, bumbu meresap. Wajib coba.",positive
R0387,2025-01-11,C015,Instagram,3,"Menurutku, Aplikasinya error terus waktu mau bayar, ribet. Mohon diperbaiki.",negative
R0388,2025-06-04,C004,ShopeeFood,4,"Jujur, Pesanan 50 box buat rapat kantor, datang tepat waktu. Kerja sama lagi. Lanjutkan ya.",positive
R0389,2025-06-21,C009,GoFood,1,"Tempat sempit, parkir sulit di weekend. Kecewa.",negative
R0390,2024-06-03,C018,GrabFood,4,"Oh ya, Sudah order 3 kali, belum pernah kecewa. Recommended.",positive
R0391,2025-09-02,C013,GrabFood,5,Favorit keluarga. Donat gulanya empuk dan harum.,positive
R0392,2024-08-21,,GoFood,1,"Donatnya keras, kayaknya bukan hari itu dibuat. Mohon diperbaiki.",negative
R0393,2025-12-29,C003,GoFood,1,"Pesan via GrabFood, kurir nyasar 1 jam. Makanan dingin.",negative
R0394,2024-06-30,C019,Instagram,3,"Biasa saja, tidak luar biasa tidak juga buruk.",neutral
R0395,2025-10-26,C015,GrabFood,3,"Aplikasinya error terus waktu mau bayar, ribet.",negative
R0396,2024-06-14,C011,GoFood,3,Antri 30 menit untuk dine-in. Staf kurang sigap.,negative
R0397,2025-12-24,C007,GrabFood,5,"Oh ya, Pesan via GoFood, sampai 20 menit. Masih hangat. Mantap! 👍",positive
R0398,2024-06-08,,ShopeeFood,5,"Rotinya lembut banget, anak-anak suka. Packingnya rapi. 👍",positive
R0399,2025-09-20,C003,Instagram,3,Kue lapis enak tapi mahal untuk porsinya.,neutral
R0400,2024-08-03,C016,GoFood,4,"Oh ya, Pesanan 50 box buat rapat kantor, datang tepat waktu. Kerja sama lagi.",positive
R0401,2025-09-13,C003,Google Review,4,"Anak saya alergi susu, mereka bantu cek komposisi. Thoughtful. Lanjutkan ya.",positive
R0402,2025-10-07,,GoFood,5,Nasi rendangnya mengingatkan masakan rumah. Recommended!,positive
R0403,2025-12-04,C020,ShopeeFood,4,"Oh ya, Pesanan 50 box buat rapat kantor, datang tepat waktu. Kerja sama lagi.",positive
R0404,2025-07-19,C015,GrabFood,2,"Jujur, Packaging bocor, kuah nasi tumpah di tas.",negative
R0405,2024-06-12,C002,Google Review,5,"Menurutku, Rotinya lembut banget, anak-anak suka. Packingnya rapi. Recommended.",positive
R0406,2024-10-05,,Google Review,4,"Menu lengkap, tapi saya bingung pilih karena terlalu banyak varian. Lanjutkan ya.",neutral
R0407,2025-04-01,C014,GrabFood,4,"Btw, Sudah order 3 kali, belum pernah kecewa.",positive
R0408,2024-08-29,,ShopeeFood,2,Harga naik tapi porsi menyusut. Kurang oke. Kecewa.,negative
R0409,2025-07-31,C002,GoFood,5,"Oh ya, Roti coklat keju lumer di mulut. Bakal order lagi.",positive
R0410,2025-11-17,C001,ShopeeFood,4,"Anak saya alergi susu, mereka bantu cek komposisi. Thoughtful.",positive
R0411,2025-06-23,C016,Instagram,3,"Jujur, Kue lapis enak tapi mahal untuk porsinya. 👍",neutral
R0412,2024-09-12,C005,Google Review,3,"Biasa saja, tidak luar biasa tidak juga buruk.",neutral
R0413,2024-08-02,C001,GrabFood,5,"Pesan via GoFood, sampai 20 menit. Masih hangat. Mantap!",positive
R0414,2024-11-20,,GoFood,4,"Jujur, Rasanya tidak salah, tapi juga tidak memorable. Thanks.",neutral
R0415,2024-10-16,C001,ShopeeFood,5,Nasi rendangnya mengingatkan masakan rumah. Recommended! Thanks.,positive
R0416,2025-08-10,,GrabFood,3,"Baru pertama kali coba, belum bisa nilai.",neutral
R0417,2025-10-21,C019,GoFood,1,"Pesan 10 box, 2 box isinya kurang. Disappointed.",negative
R0418,2025-07-27,C011,GoFood,5,Roti coklat keju lumer di mulut. Bakal order lagi. Thanks.,positive
R0419,2024-12-29,,Instagram,3,Akan coba lagi kalau kebetulan lewat. Recommended.,neutral
R0420,2024-07-16,C012,GoFood,1,"Oh ya, Pesan 10 box, 2 box isinya kurang. Disappointed. Kecewa.",negative
R0421,2025-01-21,C011,ShopeeFood,5,"Oh ya, Nasi box ayamnya porsi besar, bumbu meresap. Wajib coba.",positive
R0422,2025-03-18,C009,ShopeeFood,5,"Langganan tiap minggu. Rasa konsisten, harga masuk akal.",positive
R0423,2025-08-11,C014,GoFood,3,"Btw, Pernah coba, okelah buat sesekali. 👍",neutral
R0424,2024-10-30,C014,Google Review,3,"Biasa saja, tidak luar biasa tidak juga buruk.",neutral
R0425,2024-06-04,C019,ShopeeFood,3,"Jujur, Roti oke, tapi saya prefer yang lain untuk sarapan.",neutral
R0426,2025-05-28,C019,Instagram,5,"Pesan via GoFood, sampai 20 menit. Masih hangat. Mantap!",positive
R0427,2025-09-21,C005,GoFood,4,"Btw, Rasanya tidak salah, tapi juga tidak memorable. Thanks.",neutral
R0428,2025-06-05,C007,GoFood,4,"Pesanan 50 box buat rapat kantor, datang tepat waktu. Kerja sama lagi.",positive
R0429,2025-03-17,C006,GrabFood,5,Roti coklat keju lumer di mulut. Bakal order lagi.,positive
R0430,2024-08-26,,Instagram,1,"Pesan 10 box, 2 box isinya kurang. Disappointed. Kecewa.",negative
R0431,2024-12-19,,GoFood,4,"Rasanya tidak salah, tapi juga tidak memorable. Lanjutkan ya.",neutral
R0432,2024-12-03,,ShopeeFood,1,"Pesan via GrabFood, kurir nyasar 1 jam. Makanan dingin. Kecewa.",negative
R0433,2025-10-24,,GoFood,5,"Jujur, Nasi rendangnya mengingatkan masakan rumah. Recommended! 👍",positive
R0434,2024-09-24,,ShopeeFood,5,"Btw, Pelayanan ramah waktu dine-in. Tempat bersih. Lanjutkan ya.",positive
R0435,2024-07-01,C003,ShopeeFood,2,Harga naik tapi porsi menyusut. Kurang oke. Kecewa.,negative
R0436,2025-03-19,C014,GoFood,3,"Btw, Roti coklatnya nggak ada coklatnya, cuma selai tipis. Mohon diperbaiki.",negative
R0437,2024-09-08,,GrabFood,1,"Btw, Pengiriman lama, rotinya sampai dingin. Kecewa.",negative
R0438,2025-02-07,C002,Google Review,3,"Jujur, Kopi lumayan, tapi tidak se-spesial yang diklaim.",neutral
R0439,2025-12-07,,Google Review,1,"Menurutku, Pesan via GrabFood, kurir nyasar 1 jam. Makanan dingin. Tolong dievaluasi.",negative
R0440,2025-02-17,C002,ShopeeFood,3,"Jujur, Enaknya standar, harga juga standar. 👍",neutral
R0441,2024-06-05,C011,ShopeeFood,2,"Oh ya, Kopi tubruknya terlalu pahit, mungkin gosong.",negative
R0442,2024-08-12,,GrabFood,1,"Donatnya keras, kayaknya bukan hari itu dibuat.",negative
R0443,2025-03-14,C001,GrabFood,2,"Oh ya, Rating di Google 4.5 tapi menurut saya overrated.",negative
R0444,2025-12-20,C002,ShopeeFood,2,"Oh ya, Kasir salah total, harus komplain dulu baru dikoreksi.",negative
R0445,2024-08-25,C010,Instagram,3,"Menurutku, Akan coba lagi kalau kebetulan lewat.",neutral
R0446,2024-12-07,,Instagram,5,"Nasi box ayamnya porsi besar, bumbu meresap. Wajib coba. Thanks.",positive
R0447,2024-12-29,,Instagram,5,"Langganan tiap minggu. Rasa konsisten, harga masuk akal. Lanjutkan ya.",positive
R0448,2025-03-31,C019,Instagram,4,"Jujur, Pesanan 50 box buat rapat kantor, datang tepat waktu. Kerja sama lagi.",positive
R0449,2025-12-28,C008,ShopeeFood,3,"Nasi boxnya kurang bumbu, hambar. Mohon diperbaiki.",negative
R0450,2025-03-10,C005,Instagram,2,"Jujur, Rating di Google 4.5 tapi menurut saya overrated. Kecewa.",negative
R0451,2025-05-26,C008,GoFood,5,"Oh ya, Rotinya lembut banget, anak-anak suka. Packingnya rapi. 👍",positive
R0452,2025-12-02,C015,Google Review,5,"Oh ya, Pelayanan ramah waktu dine-in. Tempat bersih. Thanks.",positive
R0453,2024-07-21,C019,Instagram,5,"Rotinya lembut banget, anak-anak suka. Packingnya rapi. Recommended.",positive
R0454,2025-01-24,C002,GoFood,3,Antri 30 menit untuk dine-in. Staf kurang sigap. Kecewa.,negative
R0455,2025-04-24,,ShopeeFood,5,Roti coklat keju lumer di mulut. Bakal order lagi. Thanks.,positive
R0456,2024-11-12,,GoFood,1,"Pesan via GrabFood, kurir nyasar 1 jam. Makanan dingin.",negative
R0457,2025-11-03,,Google Review,4,"Rasanya tidak salah, tapi juga tidak memorable. 👍",neutral
R0458,2025-06-16,C009,Instagram,5,"Oh ya, Nasi box ayamnya porsi besar, bumbu meresap. Wajib coba.",positive
R0459,2025-01-26,,Instagram,2,"Jujur, Rasa kue lapis berubah dari yang dulu. Tidak seenak sebelumnya.",negative
R0460,2024-11-10,C012,ShopeeFood,3,"Oh ya, Kopi lumayan, tapi tidak se-spesial yang diklaim. 👍",neutral
R0461,2025-04-25,C012,GrabFood,3,"Btw, Enaknya standar, harga juga standar. Lanjutkan ya.",neutral
R0462,2025-06-06,C016,GoFood,1,"Donatnya keras, kayaknya bukan hari itu dibuat.",negative
R0463,2024-07-02,C004,GoFood,4,"Menu lengkap, tapi saya bingung pilih karena terlalu banyak varian.",neutral
R0464,2025-03-30,,ShopeeFood,4,"Kopi tubruknya khas, pahit sedikit tapi enak.",positive
R0465,2024-12-06,,GrabFood,5,"Btw, Pesan via GoFood, sampai 20 menit. Masih hangat. Mantap! 👍",positive
R0466,2025-11-07,C005,GoFood,5,Roti coklat keju lumer di mulut. Bakal order lagi.,positive
R0467,2025-12-28,,ShopeeFood,5,"Btw, Rotinya lembut banget, anak-anak suka. Packingnya rapi.",positive
R0468,2024-08-15,,GoFood,3,"Oh ya, Roti oke, tapi saya prefer yang lain untuk sarapan. 👍",neutral
R0469,2025-07-17,,ShopeeFood,1,"Menurutku, Donatnya keras, kayaknya bukan hari itu dibuat.",negative
R0470,2024-12-08,C014,Google Review,2,Harga naik tapi porsi menyusut. Kurang oke.,negative
R0471,2025-01-11,C006,ShopeeFood,3,"Roti oke, tapi saya prefer yang lain untuk sarapan. Thanks.",neutral
R0472,2025-10-03,,ShopeeFood,4,"Jujur, Stok selalu ada, kurir ShopeeFood cepat. Good job.",positive
R0473,2025-11-08,C008,GrabFood,3,"Baru pertama kali coba, belum bisa nilai.",neutral
R0474,2024-12-05,C014,GrabFood,4,"Rasanya tidak salah, tapi juga tidak memorable.",neutral
R0475,2025-06-12,C015,GrabFood,2,"Btw, Rasa kue lapis berubah dari yang dulu. Tidak seenak sebelumnya. Tolong dievaluasi.",negative
R0476,2024-10-24,C014,Instagram,4,"Menurutku, Kopi tubruknya khas, pahit sedikit tapi enak.",positive
R0477,2024-08-19,,Instagram,5,Pelayanan ramah waktu dine-in. Tempat bersih. Recommended.,positive
R0478,2024-10-19,C015,GoFood,1,"Pesan 10 box, 2 box isinya kurang. Disappointed. Tolong dievaluasi.",negative
R0479,2025-09-09,,GrabFood,4,"Pelayanan cukup, antrian cukup. Semua rata-rata. Recommended.",neutral
R0480,2025-08-18,,Google Review,3,Antri 30 menit untuk dine-in. Staf kurang sigap.,negative
R0481,2025-07-31,C005,Google Review,1,"Pengiriman lama, rotinya sampai dingin. Kecewa.",negative
R0482,2024-06-03,C008,GrabFood,3,"Roti oke, tapi saya prefer yang lain untuk sarapan. 👍",neutral
R0483,2025-01-05,C016,GoFood,5,"Nasi box ayamnya porsi besar, bumbu meresap. Wajib coba. Thanks.",positive
R0484,2025-11-04,C011,Instagram,3,"Btw, Roti coklatnya nggak ada coklatnya, cuma selai tipis. Tolong dievaluasi.",negative
R0485,2025-10-04,C001,Instagram,2,"Oh ya, Rasa kue lapis berubah dari yang dulu. Tidak seenak sebelumnya.",negative
R0486,2024-09-05,C002,ShopeeFood,2,"Oh ya, Kopi tubruknya terlalu pahit, mungkin gosong. Tolong dievaluasi.",negative
R0487,2024-07-24,,GoFood,5,"Langganan tiap minggu. Rasa konsisten, harga masuk akal. Lanjutkan ya.",positive
R0488,2025-10-26,C007,ShopeeFood,4,"Menurutku, Kopi tubruknya khas, pahit sedikit tapi enak.",positive
R0489,2024-09-25,C002,Instagram,1,"Pesan via GrabFood, kurir nyasar 1 jam. Makanan dingin.",negative
R0490,2024-09-07,C017,Google Review,5,"Langganan tiap minggu. Rasa konsisten, harga masuk akal.",positive
R0491,2025-06-27,C016,Google Review,2,Rasa kue lapis berubah dari yang dulu. Tidak seenak sebelumnya. Mohon diperbaiki.,negative
R0492,2025-11-05,C012,GrabFood,5,"Nasi box ayamnya porsi besar, bumbu meresap. Wajib coba. Thanks.",positive
R0493,2025-12-20,C014,ShopeeFood,4,"Menurutku, Rasanya tidak salah, tapi juga tidak memorable. Recommended.",neutral
R0494,2025-04-23,,ShopeeFood,4,"Anak saya alergi susu, mereka bantu cek komposisi. Thoughtful. Recommended.",positive
R0495,2025-11-06,C014,Google Review,5,"Menurutku, Favorit keluarga. Donat gulanya empuk dan harum.",positive
R0496,2025-02-08,C018,GoFood,3,"Pernah coba, okelah buat sesekali. Lanjutkan ya.",neutral
R0497,2025-09-15,C011,Google Review,3,Antri 30 menit untuk dine-in. Staf kurang sigap. Kecewa.,negative
R0498,2024-09-10,C012,GrabFood,1,"Pengiriman lama, rotinya sampai dingin. Kecewa. Tolong dievaluasi.",negative
R0499,2024-08-31,C013,Instagram,4,"Menu lengkap, tapi saya bingung pilih karena terlalu banyak varian. 👍",neutral
R0500,2025-10-18,,Google Review,5,"Jujur, Roti coklat keju lumer di mulut. Bakal order lagi.",positive
